<?xml version="1.0" encoding="utf-8"?>
<!DOCTYPE hibernate-configuration PUBLIC "-//Hibernate/Hibernate Configuration DTD 3.0//EN" "http://www.hibernate.org/dtd/hibernate-configuration-3.0.dtd">

<hibernate-configuration>
    <session-factory>
        <property name="hibernate.connection.driver_class">org.postgresql.Driver</property>
        <property name="hibernate.connection.url">jdbc:postgresql://127.0.0.1:5432/lab_6?serverVersion=11</property>
        <property name="hibernate.connection.username">suvres</property>
        <property name="hibernate.connection.password">suvres</property>
        <property name="hibernate.dialect">org.hibernate.dialect.PostgreSQL95Dialect</property>
<!--        <property name="show_sql">true</property>-->
<!--        <property name="format_sql">true</property>-->
        <property name="hbm2ddl.auto">update </property>
        <mapping class="lab8.Entity.StudentCourseContainer"/>
        <mapping class="lab8.Entity.StudentCourse"/>
        <mapping class="lab8.Entity.Student"/>
        <mapping class="lab8.Entity.StudentMark"/>
        <mapping class="lab8.Entity.Rating"/>
    </session-factory>
</hibernate-configuration>